Method,Num Communities,Max Size,Avg Size,Modularity,Avg. density:,Avg. degree:,Avg. clustering:,Execution Time (s)
Louvain,5,10,6.0,0.5871999999999999,0.611111111111111,2.6733333333333333,0.55,0.0011780261993408203
Leiden,5,9,6.0,0.5903999999999999,0.5800000000000001,2.6466666666666665,0.5518518518518519,0.0015511512756347656
Infomap,5,10,6.0,0.583,0.5885714285714286,2.611428571428571,0.5151428571428571,0.001313924789428711
