Method,Num Communities,Max Size,Avg Size,Modularity,Avg. density:,Avg. degree:,Avg. clustering:,Execution Time (s)
Louvain,5,10,6.0,0.583,0.5885714285714286,2.611428571428571,0.5151428571428571,0.0008137226104736328
Label Propagation,6,8,5.0,0.5651999999999999,0.6869047619047618,2.297222222222222,0.4472222222222222,0.00041294097900390625
Fast Label Propagation,5,8,6.0,0.5731999999999999,0.531904761904762,2.4966666666666666,0.3976190476190476,6.008148193359375e-05
Leiden,4,10,7.5,0.5846,0.5194444444444445,2.825,0.5327777777777778,0.0034580230712890625
Infomap,5,10,6.0,0.583,0.5885714285714286,2.611428571428571,0.5151428571428571,0.0015268325805664062
Node2Vec + KMeans,5,9,6.0,0.5903999999999999,0.5800000000000001,2.6466666666666665,0.5151851851851853,1.9073486328125e-06
