Method,Num Communities,Max Size,Avg Size,Modularity,Avg. density:,Avg. degree:,Avg. clustering:,Execution Time (s)
Louvain,3690,211952,1022.9723577235773,0.8115132716022209,0.7866970925097958,1.3076195757281763,0.010590285762179946,4743.800480127335
Label Propagation,288184,42328,13.098464869666602,0.5748312610936526,0.5522078744307374,1.8940847700330503,0.0850644409316565,2291.0331449508667
Fast Label Propagation,183885,62022,20.52787339913533,0.6195117651759773,0.39838965130929155,2.2290790930308937,0.10022780864618384,0.002313852310180664
Leiden,3711,329964,1017.1835084882781,0.8324895827790646,0.7834930665682132,1.3175252951712824,0.010941025991382879,436.1735770702362
