Method,Num Communities,Max Size,Avg Size,Modularity,Avg. density:,Avg. degree:,Avg. clustering:,Execution Time (s)
Louvain,6,13,10.0,0.6040533860603066,0.3296703296703297,3.2703296703296703,0.21882783882783885,0.003779172897338867
Leiden,6,13,10.0,0.6040533860603065,0.32967032967032966,3.2703296703296703,0.21882783882783885,0.003607034683227539
Infomap,7,13,8.571428571428571,0.6017230421580396,0.45320235320235325,2.9245754245754245,0.1853868353868354,0.004724025726318359
